Datazone,DZname,LAname,Income_Domain,Employment_Domain,Education_Domain,Health_Domain,Crime_Domain
S01009758,Darnley East - 01,Glasgow City,5861.5,4396.0,4903,3273,5523.0
S01009759,Darnley East - 02,Glasgow City,23.0,168.0,1291,255,791.0
S01009760,Darnley East - 03,Glasgow City,1083.0,971.0,715,881,2079.0
S01009761,Darnley East - 04,Glasgow City,2784.0,3348.0,2530,2782,5459.0
S01009762,Darnley East - 05,Glasgow City,830.0,1946.0,547,1499,1904.0
S01009763,Darnley East - 06,Glasgow City,5008.0,5428.0,5511,6391,6138.0
S01009764,Darnley North - 01,Glasgow City,577.0,983.5,1752,821,1930.0
S01009765,Darnley North - 02,Glasgow City,2062.0,2833.0,3476,1432,4535.0
S01009766,Darnley North - 03,Glasgow City,4678.0,4387.0,3946,3244,2479.0
S01009767,Darnley North - 04,Glasgow City,2348.0,2635.0,2135,1183,443.0
S01009768,Darnley West - 01,Glasgow City,1279.0,1297.0,1909,1604,3817.0
S01009769,Darnley West - 02,Glasgow City,4126.0,5229.0,4159,3061,3011.0
S01009770,Darnley West - 03,Glasgow City,4071.0,4267.0,4186,3801,4995.0
S01009771,Darnley West - 04,Glasgow City,3593.0,4696.0,4507,3791,6219.0
S01009772,Darnley West - 05,Glasgow City,4684.0,4430.0,4171,5055,6055.0
S01009773,Darnley West - 06,Glasgow City,3715.0,5190.0,3719,5456,6608.0
S01009774,Darnley West - 07,Glasgow City,3631.0,4908.0,4564,4942,6204.0
S01009775,Nitshill - 01,Glasgow City,155.0,217.0,485,19,83.0
S01009776,Nitshill - 02,Glasgow City,77.0,137.0,482,176,810.0
S01009777,Nitshill - 03,Glasgow City,331.0,399.0,826,784,927.0
S01009778,Nitshill - 04,Glasgow City,181.0,276.0,429,186,2379.0
S01009779,Nitshill - 05,Glasgow City,235.0,1165.0,170,187,700.0
S01009780,Nitshill - 06,Glasgow City,132.0,200.0,15,83,833.0
S01009781,Nitshill - 07,Glasgow City,390.0,887.0,554,532,1624.0
S01009782,Nitshill - 08,Glasgow City,1770.0,1971.0,848,1603,1954.0
S01009783,Nitshill - 09,Glasgow City,308.0,368.0,452,178,4814.0
S01009784,Crookston South - 01,Glasgow City,164.0,512.0,306,139,2034.0
S01009785,Crookston South - 02,Glasgow City,394.0,621.0,504,254,1740.0
S01009786,Crookston South - 03,Glasgow City,122.0,313.0,365,197,404.0
S01009787,Crookston South - 04,Glasgow City,188.0,192.0,62,101,1355.0
S01009788,Crookston North - 01,Glasgow City,1624.0,1648.5,1562,1423,3599.0
S01009789,Crookston North - 02,Glasgow City,997.0,1068.0,1425,782,514.0
S01009790,Crookston North - 03,Glasgow City,1791.0,1968.0,1458,1880,5842.0
S01009791,Crookston North - 04,Glasgow City,483.0,814.0,646,603,1601.0
S01009792,Pollok South and West - 01,Glasgow City,4256.0,5205.0,5039,4801,4902.0
S01009793,Pollok South and West - 02,Glasgow City,4509.0,4902.0,5872,4026,5473.0
S01009794,Pollok South and West - 03,Glasgow City,5735.0,6044.0,6008,5421,4466.0
S01009795,Pollok South and West - 04,Glasgow City,5378.0,5136.0,5727,5811,6007.0
S01009796,Pollok South and West - 05,Glasgow City,4448.0,4995.5,4010,3892,6614.5
S01009797,Pollok South and West - 06,Glasgow City,4195.0,4658.0,3843,4082,1847.0
S01009798,Pollok South and West - 07,Glasgow City,5515.0,6146.0,4813,5362,4837.0
S01009799,Pollok North and East - 01,Glasgow City,91.0,310.0,546,74,324.0
S01009800,Pollok North and East - 02,Glasgow City,968.0,1227.0,1509,658,3248.0
S01009801,Pollok North and East - 03,Glasgow City,478.0,700.0,581,904,1095.0
S01009802,Pollok North and East - 04,Glasgow City,819.5,1080.0,1980,1006,1986.0
S01009803,Pollok North and East - 05,Glasgow City,421.0,664.0,1108,399,2508.0
S01009804,Pollok North and East - 06,Glasgow City,2729.0,761.0,4226,1893,449.0
S01009805,Pollok North and East - 07,Glasgow City,579.0,908.0,522,954,1178.0
S01009806,Cardonald South and East - 01,Glasgow City,1217.0,1123.0,2479,725,135.0
S01009807,Cardonald South and East - 02,Glasgow City,2135.0,3001.0,2168,2527,4870.0
S01009808,Cardonald South and East - 03,Glasgow City,2203.0,2642.0,1569,1813,4741.0
S01009809,Cardonald South and East - 04,Glasgow City,1908.0,1767.0,2148,1527,1377.0
S01009810,Cardonald North - 01,Glasgow City,418.0,538.0,992,729,2282.0
S01009811,Cardonald North - 02,Glasgow City,730.0,856.0,926,614,2288.0
S01009812,Cardonald North - 03,Glasgow City,1210.0,1232.0,1904,709,1862.0
S01009813,Cardonald North - 04,Glasgow City,95.0,481.0,1142,837,761.0
S01009814,Cardonald North - 05,Glasgow City,2724.0,3000.0,3761,2064,2626.0
S01009815,Cardonald West and Central - 01,Glasgow City,1591.0,1008.0,3329,1289,1469.0
S01009816,Cardonald West and Central - 02,Glasgow City,2698.0,3823.0,2303,3060,4912.0
S01009817,Cardonald West and Central - 03,Glasgow City,1475.0,1270.0,2704,1797,2748.0
S01009818,Cardonald West and Central - 04,Glasgow City,4052.0,4425.0,4310,4511,5592.0
S01009819,Cardonald West and Central - 05,Glasgow City,2366.0,2668.0,3096,1430,1993.0
S01009820,Cardonald West and Central - 06,Glasgow City,2467.0,1967.0,3825,2361,1166.0
S01009821,Cardonald West and Central - 07,Glasgow City,3255.0,3636.0,2800,3433,2229.0
S01009822,Penilee - 01,Glasgow City,1828.0,2513.0,3614,2357,3147.0
S01009823,Penilee - 02,Glasgow City,931.0,877.0,1102,800,1545.0
S01009824,Penilee - 03,Glasgow City,1264.0,1942.0,1673,1595,5190.0
S01009825,Penilee - 04,Glasgow City,1061.0,954.0,1289,713,1878.0
S01009826,Penilee - 05,Glasgow City,818.0,1157.5,711,1278,2945.0
S01009827,Penilee - 06,Glasgow City,1113.0,935.0,729,739,2756.0
S01009828,Penilee - 07,Glasgow City,144.0,73.0,849,133,2930.0
S01009829,Hillington - 01,Glasgow City,1228.0,560.0,1751,654,2355.0
S01009830,Hillington - 02,Glasgow City,1410.0,2205.0,1092,2249,3443.0
S01009831,Hillington - 03,Glasgow City,3025.0,4500.0,1358,2761,4780.0
S01009832,Hillington - 04,Glasgow City,2577.0,3099.0,3016,2666,1647.0
S01009833,Drumoyne and Shieldhall - 01,Glasgow City,2648.0,2193.0,1823,1339,9.0
S01009834,Drumoyne and Shieldhall - 02,Glasgow City,911.0,932.0,1651,840,1546.0
S01009835,Drumoyne and Shieldhall - 03,Glasgow City,737.0,672.0,499,358,2042.0
S01009836,Drumoyne and Shieldhall - 04,Glasgow City,3036.0,2470.0,2967,1295,3170.0
S01009837,Drumoyne and Shieldhall - 05,Glasgow City,780.0,669.0,1641,142,3485.0
S01009838,Drumoyne and Shieldhall - 06,Glasgow City,833.0,720.0,2248,666,1416.0
S01009839,Drumoyne and Shieldhall - 07,Glasgow City,409.0,395.0,736,349,530.0
S01009840,Drumoyne and Shieldhall - 08,Glasgow City,870.0,755.0,1968,452,2819.0
S01009841,Govan and Linthouse - 01,Glasgow City,1038.5,776.0,1839,810,1508.0
S01009842,Govan and Linthouse - 02,Glasgow City,363.0,277.0,620,194,263.0
S01009843,Govan and Linthouse - 03,Glasgow City,51.0,80.0,378,31,70.0
S01009844,Govan and Linthouse - 04,Glasgow City,184.0,166.0,145,76,127.0
S01009845,Govan and Linthouse - 05,Glasgow City,1157.0,635.0,518,1259,350.0
S01009846,Govan and Linthouse - 06,Glasgow City,560.0,634.0,1450,562,925.0
S01009847,Govan and Linthouse - 07,Glasgow City,1316.0,741.0,1152,674,703.0
S01009848,Craigton - 01,Glasgow City,687.0,855.0,885,357,1122.0
S01009849,Craigton - 02,Glasgow City,790.0,1387.5,2033,857,1489.0
S01009850,Craigton - 03,Glasgow City,1502.0,1840.0,2758,1568,4432.0
S01009851,Craigton - 04,Glasgow City,681.0,556.0,1835,625,1374.0
S01009852,Mosspark - 01,Glasgow City,2205.0,2415.0,2626,1309,336.0
S01009853,Mosspark - 02,Glasgow City,2223.0,2145.0,2416,1472,2829.0
S01009854,Mosspark - 03,Glasgow City,1510.0,1175.0,2604,1068,2136.0
S01009855,Mosspark - 04,Glasgow City,3207.0,2334.0,1974,2163,3873.0
S01009856,Mosspark - 05,Glasgow City,2226.0,2543.0,3272,2744,3827.0
S01009857,Mosspark - 06,Glasgow City,2650.0,2659.0,2517,2248,3380.0
S01009858,Mosspark - 07,Glasgow City,2622.0,2985.0,3299,1939,3272.0
S01009859,Ibrox - 01,Glasgow City,213.0,173.0,596,160,253.0
S01009860,Ibrox - 02,Glasgow City,88.0,84.0,507,62,279.0
S01009861,Ibrox - 03,Glasgow City,599.0,543.0,183,415,490.0
S01009862,Ibrox East and Cessnock - 01,Glasgow City,555.0,443.0,947,204,170.0
S01009863,Ibrox East and Cessnock - 02,Glasgow City,1446.0,973.0,1548,1151,555.0
S01009864,Ibrox East and Cessnock - 03,Glasgow City,1196.0,2032.0,1281,1704,808.0
S01009865,Ibrox East and Cessnock - 04,Glasgow City,3350.0,2503.0,3210,2604,2660.0
S01009866,Kinning Park and Festival Park - 01,Glasgow City,1748.0,2447.0,2471,2099,1173.0
S01009867,Kinning Park and Festival Park - 02,Glasgow City,2469.0,2779.0,2392,1324,1372.0
S01009868,Kinning Park and Festival Park - 03,Glasgow City,3352.0,4800.0,3724,3556,2701.0
S01009869,Kinning Park and Festival Park - 04,Glasgow City,2882.0,3104.0,2946,3788,1231.0
S01009870,Kinning Park and Festival Park - 05,Glasgow City,2414.0,3312.0,1375,2579,1259.0
S01009871,Kingston West and Dumbreck - 01,Glasgow City,963.0,808.0,2278,868,1302.0
S01009872,Kingston West and Dumbreck - 02,Glasgow City,2086.0,3053.0,2714,2924,764.0
S01009873,Kingston West and Dumbreck - 03,Glasgow City,2304.0,2958.0,4628,2279,939.0
S01009874,Kingston West and Dumbreck - 04,Glasgow City,1055.0,844.0,2648,2160,724.0
S01009875,Pollokshields West - 01,Glasgow City,922.0,1205.0,2005,1186,1060.0
S01009876,Pollokshields West - 02,Glasgow City,301.0,780.0,1650,2044,882.0
S01009877,Pollokshields West - 03,Glasgow City,4636.0,4467.0,6106,5553,4283.0
S01009878,Pollokshields West - 04,Glasgow City,1022.0,2722.0,1893,2596,1785.0
S01009879,Pollokshields West - 05,Glasgow City,5844.0,6730.0,6316,6414,3535.0
S01009880,Pollokshields West - 06,Glasgow City,2841.0,4357.0,3548,3783,2990.0
S01009881,Pollokshields East - 01,Glasgow City,2399.5,3490.0,1033,3210,1382.0
S01009882,Pollokshields East - 02,Glasgow City,3474.0,4343.0,1898,4985,1409.0
S01009883,Pollokshields East - 03,Glasgow City,3183.0,4141.0,2294,3737,1839.0
S01009884,Pollokshields East - 04,Glasgow City,1259.0,2858.0,1922,3175,1332.0
S01009885,Pollokshields East - 05,Glasgow City,2692.0,4121.0,2969,3182,2537.0
S01009886,Pollokshields East - 06,Glasgow City,932.0,2506.0,3595,2274,2151.0
S01009887,Govanhill West - 01,Glasgow City,411.0,859.0,330,959,197.0
S01009888,Govanhill West - 02,Glasgow City,1008.0,2708.0,71,3462,748.0
S01009889,Govanhill West - 03,Glasgow City,442.0,1276.0,1215,1713,377.0
S01009890,Govanhill West - 04,Glasgow City,1205.0,947.0,1218,1649,717.0
S01009891,Govanhill West - 05,Glasgow City,1765.5,2112.0,2456,2244,800.0
S01009892,Govanhill West - 06,Glasgow City,336.0,402.0,1296,429,840.0
S01009893,Govanhill West - 07,Glasgow City,2148.0,2118.0,797,2391,397.0
S01009894,Govanhill East and Aikenhead - 01,Glasgow City,344.0,392.0,657,770,1396.0
S01009895,Govanhill East and Aikenhead - 02,Glasgow City,327.0,281.0,181,347,768.0
S01009896,Govanhill East and Aikenhead - 03,Glasgow City,603.0,495.0,834,556,2001.0
S01009897,Govanhill East and Aikenhead - 04,Glasgow City,1767.0,2276.0,2370,1826,1284.0
S01009898,Govanhill East and Aikenhead - 05,Glasgow City,594.0,930.0,1186,310,1343.0
S01009899,Battlefield - 01,Glasgow City,2946.0,2426.0,3607,2753,2956.0
S01009900,Battlefield - 02,Glasgow City,4306.0,5073.0,4144,5048,4293.0
S01009901,Battlefield - 03,Glasgow City,5014.0,5522.0,6451,5446,2088.0
S01009902,Battlefield - 04,Glasgow City,1470.5,1242.0,3273,1116,2196.0
S01009903,Battlefield - 05,Glasgow City,2261.0,2970.0,4399,2302,1211.0
S01009904,Battlefield - 06,Glasgow City,3035.0,4329.0,5783,2876,462.0
S01009905,Strathbungo - 01,Glasgow City,1571.0,2920.0,678,3155,176.0
S01009906,Strathbungo - 02,Glasgow City,2550.5,3754.0,902,3935,419.0
S01009907,Strathbungo - 03,Glasgow City,1235.0,1122.0,936,1745,662.0
S01009908,Strathbungo - 04,Glasgow City,3912.0,4119.0,4955,4821,1153.0
S01009909,Strathbungo - 05,Glasgow City,3566.0,2760.0,3788,3816,754.0
S01009910,Strathbungo - 06,Glasgow City,4648.5,4615.5,3088,4746,704.0
S01009911,Strathbungo - 07,Glasgow City,4548.0,5452.0,6595,3764,2866.0
S01009912,Maxwell Park - 01,Glasgow City,3707.0,5092.0,4683,3215,1193.0
S01009913,Maxwell Park - 02,Glasgow City,5459.0,6217.0,4255,5187,1269.0
S01009914,Maxwell Park - 03,Glasgow City,4900.5,5659.0,4810,6139,3607.0
S01009915,Maxwell Park - 04,Glasgow City,4522.0,5500.0,5131,5363,1834.0
S01009916,Maxwell Park - 05,Glasgow City,3976.0,4298.0,4551,4586,4733.0
S01009917,Maxwell Park - 06,Glasgow City,5819.0,6405.0,6448,5855,4388.0
S01009918,Maxwell Park - 07,Glasgow City,5097.0,5002.0,6183,5639,4543.0
S01009919,Shawlands West - 01,Glasgow City,2328.0,2789.0,2596,3010,635.0
S01009920,Shawlands West - 02,Glasgow City,4821.0,5447.0,3836,5067,3556.0
S01009921,Shawlands West - 03,Glasgow City,4457.0,4031.0,2506,4087,1521.0
S01009922,Shawlands West - 04,Glasgow City,5129.0,5375.0,5200,5698,4051.0
S01009923,Shawlands East - 01,Glasgow City,3687.0,4199.0,6223,3664,3561.0
S01009924,Shawlands East - 02,Glasgow City,2815.0,3073.0,3778,3748,1931.0
S01009925,Shawlands East - 03,Glasgow City,4441.5,4599.0,5594,4356,2077.0
S01009926,Shawlands East - 04,Glasgow City,3627.5,4954.0,4309,4669,2856.0
S01009927,Langside - 01,Glasgow City,2797.0,2979.0,4596,3228,3028.0
S01009928,Langside - 02,Glasgow City,5810.0,5955.0,6618,5629,5871.0
S01009929,Langside - 03,Glasgow City,4758.0,6071.0,6131,4619,5003.0
S01009930,Langside - 04,Glasgow City,3521.0,4346.0,5840,4783,2595.0
S01009931,Langside - 05,Glasgow City,5797.0,6140.5,5942,6555,3812.0
S01009932,Langside - 06,Glasgow City,3484.0,4193.0,5706,3885,3791.0
S01009933,Pollokshaws - 01,Glasgow City,525.0,457.0,3147,939,1116.0
S01009934,Pollokshaws - 02,Glasgow City,4331.0,4456.0,5572,5243,1830.0
S01009935,Pollokshaws - 03,Glasgow City,129.0,74.0,484,94,1028.0
S01009936,Pollokshaws - 04,Glasgow City,593.0,404.0,3527,507,1488.0
S01009937,Pollokshaws - 05,Glasgow City,1948.0,2882.0,1378,2852,214.0
S01009938,Pollokshaws - 06,Glasgow City,752.0,377.0,2202,496,1128.0
S01009939,Carnwadric West - 01,Glasgow City,103.0,52.0,27,792,487.0
S01009940,Carnwadric West - 02,Glasgow City,82.0,67.5,121,148,625.0
S01009941,Carnwadric West - 03,Glasgow City,2559.0,3905.0,3261,4303,5769.0
S01009942,Carnwadric West - 04,Glasgow City,491.0,433.0,789,542,1131.0
S01009943,Carnwadric West - 05,Glasgow City,126.0,209.0,568,106,260.0
S01009944,Carnwadric East - 01,Glasgow City,1765.5,2073.0,2647,1628,1886.0
S01009945,Carnwadric East - 02,Glasgow City,406.0,675.0,1912,1173,1588.0
S01009946,Carnwadric East - 03,Glasgow City,1625.0,2433.0,2132,2155,2668.0
S01009947,Carnwadric East - 04,Glasgow City,1832.0,1847.0,2549,1846,5045.0
S01009948,Newlands - 01,Glasgow City,313.0,161.0,2103,604,2290.0
S01009949,Newlands - 02,Glasgow City,1804.0,2806.0,3417,2200,3540.0
S01009950,Newlands - 03,Glasgow City,6081.0,6250.0,6589,6339,6301.0
S01009951,Newlands - 04,Glasgow City,6369.0,6560.0,6387,6651,3718.0
S01009952,Newlands - 05,Glasgow City,4571.0,4573.5,6646,4880,4585.0
S01009953,Newlands - 06,Glasgow City,4009.0,4618.0,4859,5669,2484.0
S01009954,Newlands - 07,Glasgow City,2033.0,3847.0,5162,3969,598.0
S01009955,Merrylee and Millbrae - 01,Glasgow City,2309.0,2868.0,4170,2434,1779.0
S01009956,Merrylee and Millbrae - 02,Glasgow City,2094.5,2676.0,3771,3040,4189.0
S01009957,Merrylee and Millbrae - 03,Glasgow City,6013.0,5972.5,6853,6316,2452.0
S01009958,Merrylee and Millbrae - 04,Glasgow City,6116.0,6180.0,6035,5712,6033.0
S01009959,Muirend and Old Cathcart - 01,Glasgow City,5755.5,6166.0,6257,5374,5916.0
S01009960,Muirend and Old Cathcart - 02,Glasgow City,4089.0,5078.0,6738,4243,6214.0
S01009961,Muirend and Old Cathcart - 03,Glasgow City,4074.0,4130.0,5021,3701,1373.0
S01009962,Muirend and Old Cathcart - 04,Glasgow City,3167.5,3111.0,5174,3495,5235.0
S01009963,Muirend and Old Cathcart - 05,Glasgow City,6026.0,4925.0,6528,5097,5768.0
S01009964,Muirend and Old Cathcart - 06,Glasgow City,4598.0,4686.0,5795,4635,4415.0
S01009965,Carmunnock North - 01,Glasgow City,5011.0,4035.0,5874,3851,3983.5
S01009966,Carmunnock North - 02,Glasgow City,6257.0,4941.0,5620,5047,5508.0
S01009967,Carmunnock North - 03,Glasgow City,4870.0,5366.0,6773,5732,3069.0
S01009968,Carmunnock North - 04,Glasgow City,4029.5,3360.0,4653,3647,4006.0
S01009969,Carmunnock South - 01,Glasgow City,5926.0,6178.5,5892,5649,5119.0
S01009970,Carmunnock South - 02,Glasgow City,187.0,356.0,533,473,2202.0
S01009971,Carmunnock South - 03,Glasgow City,494.0,394.0,702,451,1477.0
S01009972,Carmunnock South - 04,Glasgow City,1699.5,2477.0,3661,2057,702.0
S01009973,Glenwood South - 01,Glasgow City,2591.5,3027.0,2756,2906,4856.5
S01009974,Glenwood South - 02,Glasgow City,161.0,365.0,456,364,1879.0
S01009975,Glenwood South - 03,Glasgow City,16.0,28.0,126,17,461.0
S01009976,Glenwood South - 04,Glasgow City,29.0,51.0,112,36,5403.0
S01009977,Glenwood South - 05,Glasgow City,28.0,14.0,274,39,829.0
S01009978,Glenwood South - 06,Glasgow City,143.0,319.0,128,117,1968.0
S01009979,Glenwood South - 07,Glasgow City,172.0,53.0,61,883,1468.0
S01009980,Glenwood North - 01,Glasgow City,35.0,94.0,538,7,256.0
S01009981,Glenwood North - 02,Glasgow City,196.0,289.0,1007,110,2064.0
S01009982,Glenwood North - 03,Glasgow City,779.0,598.0,1147,236,1279.0
S01009983,Glenwood North - 04,Glasgow City,72.0,267.0,111,225,1001.0
S01009984,Glenwood North - 05,Glasgow City,692.0,1558.0,1620,1847,1300.0
S01009985,Glenwood North - 06,Glasgow City,54.0,158.0,361,168,642.0
S01009986,Castlemilk - 01,Glasgow City,47.0,97.0,230,267,921.0
S01009987,Castlemilk - 02,Glasgow City,509.0,853.0,1871,470,2417.0
S01009988,Castlemilk - 03,Glasgow City,135.0,181.0,1025,417,3773.0
S01009989,Castlemilk - 04,Glasgow City,2503.0,1988.0,1226,2006,3413.0
S01009990,Castlemilk - 05,Glasgow City,2782.0,2898.5,3195,3196,4182.0
S01009991,Castlemilk - 06,Glasgow City,2340.0,3138.0,1805,3289,4829.0
S01009992,Castlemilk - 07,Glasgow City,401.0,518.0,1104,513,890.0
S01009993,Kingspark South - 01,Glasgow City,3067.0,4033.0,3340,3843,3632.0
S01009994,Kingspark South - 02,Glasgow City,3564.0,4072.0,3070,3994,4087.0
S01009995,Kingspark South - 03,Glasgow City,3452.0,3727.0,2588,3612,2806.0
S01009996,Kingspark South - 04,Glasgow City,2252.0,3726.0,2272,3069,3411.0
S01009997,Kingspark South - 05,Glasgow City,3203.0,3791.5,2535,3594,3612.0
S01009998,Kingspark South - 06,Glasgow City,4017.5,4356.0,4573,3961,1687.0
S01009999,Kingspark North - 01,Glasgow City,4619.0,5121.0,3823,4840,5014.0
S01010000,Kingspark North - 02,Glasgow City,3568.0,3459.0,3216,2733,3039.0
S01010001,Kingspark North - 03,Glasgow City,2478.0,3489.0,2968,3218,2623.0
S01010002,Kingspark North - 04,Glasgow City,3149.0,3182.0,3809,3043,3918.0
S01010003,Kingspark North - 05,Glasgow City,4473.0,4090.0,4381,3960,4147.5
S01010004,Kingspark North - 06,Glasgow City,4989.0,5149.0,6197,5134,3371.0
S01010005,Cathcart - 01,Glasgow City,2134.0,1662.0,2635,1411,2331.0
S01010006,Cathcart - 02,Glasgow City,2278.0,2362.0,2998,2654,4324.0
S01010007,Cathcart - 03,Glasgow City,4154.0,4659.0,6117,4289,3981.0
S01010008,Cathcart - 04,Glasgow City,3011.0,2391.0,469,1854,3076.0
S01010009,Cathcart - 05,Glasgow City,1955.0,1261.0,3486,2333,1552.0
S01010010,Cathcart - 06,Glasgow City,4083.0,4854.0,6007,4312,2735.0
S01010011,Mount Florida - 01,Glasgow City,956.0,1392.0,3106,759,2199.0
S01010012,Mount Florida - 02,Glasgow City,4053.0,3891.0,3475,4215,4659.0
S01010013,Mount Florida - 03,Glasgow City,1676.0,1789.0,3662,2583,479.0
S01010014,Mount Florida - 04,Glasgow City,2756.0,3210.0,4088,3583,2106.0
S01010015,Mount Florida - 05,Glasgow City,3714.0,3776.0,4014,3913,3160.0
S01010016,Toryglen and Oatlands - 01,Glasgow City,1183.0,1725.0,2595,1261,4078.0
S01010017,Toryglen and Oatlands - 02,Glasgow City,632.0,804.0,1115,965,2828.0
S01010018,Toryglen and Oatlands - 03,Glasgow City,1086.0,1362.0,1920,1391,1650.0
S01010019,Toryglen and Oatlands - 04,Glasgow City,80.0,104.0,299,51,473.0
S01010020,Toryglen and Oatlands - 05,Glasgow City,1360.0,1601.0,2233,1224,3144.0
S01010021,Toryglen and Oatlands - 06,Glasgow City,498.0,1198.0,875,233,31.0
S01010022,Toryglen and Oatlands - 07,Glasgow City,1691.0,2400.0,609,2421,1174.0
S01010023,Gorbals and Hutchesontown - 01,Glasgow City,11.0,40.0,870,41,714.0
S01010024,Gorbals and Hutchesontown - 02,Glasgow City,568.0,541.0,1728,326,674.0
S01010025,Gorbals and Hutchesontown - 03,Glasgow City,346.0,148.0,1674,345,516.0
S01010026,Gorbals and Hutchesontown - 04,Glasgow City,531.0,662.0,1342,695,545.0
S01010027,Gorbals and Hutchesontown - 05,Glasgow City,1544.0,2680.0,2319,1989,2190.0
S01010028,Gorbals and Hutchesontown - 06,Glasgow City,427.0,498.0,1049,268,1890.0
S01010029,Gorbals and Hutchesontown - 07,Glasgow City,182.0,136.0,960,171,2261.0
S01010030,Gorbals and Hutchesontown - 08,Glasgow City,2607.0,3653.0,3418,3693,1252.0
S01010031,Laurieston and Tradeston - 01,Glasgow City,3424.0,2591.0,3019,3634,243.0
S01010032,Laurieston and Tradeston - 02,Glasgow City,2445.0,1319.0,732,405,28.0
S01010033,Laurieston and Tradeston - 03,Glasgow City,704.0,476.0,975,852,142.0
S01010034,Laurieston and Tradeston - 04,Glasgow City,734.0,1121.0,918,526,493.0
S01010035,Laurieston and Tradeston - 05,Glasgow City,4685.5,4508.0,1127,5871,361.5
S01010036,Laurieston and Tradeston - 06,Glasgow City,6769.0,6761.0,5976,6953,5185.0
S01010037,Calton and Gallowgate - 01,Glasgow City,154.0,331.0,134,125,320.0
S01010038,Calton and Gallowgate - 02,Glasgow City,535.0,676.0,1701,385,175.0
S01010039,Calton and Gallowgate - 03,Glasgow City,4498.0,4441.0,3145,4852,480.0
S01010040,Calton and Gallowgate - 04,Glasgow City,3736.0,4082.0,3412,3280,252.0
S01010041,Calton and Gallowgate - 05,Glasgow City,2028.0,1880.0,2726,2085,281.0
S01010042,Bridgeton - 01,Glasgow City,1977.0,2712.0,2131,2627,1466.0
S01010043,Bridgeton - 02,Glasgow City,510.0,422.0,473,354,520.0
S01010044,Bridgeton - 03,Glasgow City,897.0,1384.0,1434,581,2116.0
S01010045,Bridgeton - 04,Glasgow City,86.0,231.0,318,202,2249.0
S01010046,Dalmarnock - 01,Glasgow City,57.0,101.0,345,22,517.0
S01010047,Dalmarnock - 02,Glasgow City,24.0,36.0,77,90,1772.0
S01010048,Dalmarnock - 03,Glasgow City,326.0,566.0,577,368,1915.0
S01010049,Parkhead West and Barrowfield - 01,Glasgow City,231.0,450.0,257,343,1031.0
S01010050,Parkhead West and Barrowfield - 02,Glasgow City,420.0,547.0,147,458,916.0
S01010051,Parkhead West and Barrowfield - 03,Glasgow City,239.0,186.0,420,241,850.0
S01010052,Parkhead West and Barrowfield - 04,Glasgow City,666.0,320.0,224,193,25.0
S01010053,Parkhead West and Barrowfield - 05,Glasgow City,691.0,1669.0,767,710,919.0
S01010054,Parkhead West and Barrowfield - 06,Glasgow City,92.0,115.0,20,20,409.0
S01010055,Parkhead West and Barrowfield - 07,Glasgow City,195.0,69.0,416,10,103.0
S01010056,Parkhead East and Braidfauld North - 01,Glasgow City,120.0,253.0,8,96,332.0
S01010057,Parkhead East and Braidfauld North - 02,Glasgow City,609.0,1602.0,396,1133,770.0
S01010058,Parkhead East and Braidfauld North - 03,Glasgow City,700.0,740.0,259,423,989.0
S01010059,Parkhead East and Braidfauld North - 04,Glasgow City,2054.0,1943.0,1035,1693,319.0
S01010060,Parkhead East and Braidfauld North - 05,Glasgow City,880.0,551.0,899,660,1161.0
S01010061,Braidfauld - 01,Glasgow City,2615.0,2044.0,3155,1258,1286.0
S01010062,Braidfauld - 02,Glasgow City,328.0,1053.0,1200,476,786.0
S01010063,Braidfauld - 03,Glasgow City,277.0,270.0,223,61,777.0
S01010064,Braidfauld - 04,Glasgow City,1436.0,1625.0,2381,1557,2007.0
S01010065,Braidfauld - 05,Glasgow City,445.0,385.0,106,307,1562.0
S01010066,Braidfauld - 06,Glasgow City,366.0,794.0,144,400,1056.0
S01010067,Braidfauld - 07,Glasgow City,116.0,364.0,118,120,1177.0
S01010068,Braidfauld - 08,Glasgow City,2029.0,2620.0,1906,2264,1773.0
S01010069,Shettleston South - 01,Glasgow City,3552.0,3256.0,2824,1923,2598.0
S01010070,Shettleston South - 02,Glasgow City,4799.0,4332.0,3948,3008,6222.0
S01010071,Shettleston South - 03,Glasgow City,2434.0,2539.0,3782,1246,862.0
S01010072,Shettleston South - 04,Glasgow City,2146.0,1924.0,2067,1487,2154.0
S01010073,Shettleston South - 05,Glasgow City,3480.0,3706.0,4069,2267,2911.0
S01010074,Carmyle and Mount Vernon South - 01,Glasgow City,3524.0,4306.0,2782,2558,2131.0
S01010075,Carmyle and Mount Vernon South - 02,Glasgow City,2060.0,2221.0,2242,1040,6258.0
S01010076,Carmyle and Mount Vernon South - 03,Glasgow City,1819.0,1894.0,948,1094,4925.0
S01010077,Carmyle and Mount Vernon South - 04,Glasgow City,849.0,1083.0,906,482,1925.0
S01010078,Mount Vernon North and Sandyhills - 01,Glasgow City,4933.0,4858.0,3681,3778,4483.0
S01010079,Mount Vernon North and Sandyhills - 02,Glasgow City,5989.0,6013.0,5492,4582,5990.0
S01010080,Mount Vernon North and Sandyhills - 03,Glasgow City,5667.0,5511.0,5516,4043,5969.0
S01010081,Mount Vernon North and Sandyhills - 04,Glasgow City,4623.0,4839.0,4732,3897,5903.0
S01010082,Mount Vernon North and Sandyhills - 05,Glasgow City,3627.5,3302.0,2953,3223,4654.0
S01010083,Baillieston West - 01,Glasgow City,1218.0,1101.0,1288,1148,2799.0
S01010084,Baillieston West - 02,Glasgow City,879.0,861.0,1417,440,601.0
S01010085,Baillieston West - 03,Glasgow City,4335.0,4071.0,4492,3301,2431.0
S01010086,Baillieston West - 04,Glasgow City,507.0,484.0,759,84,1415.0
S01010087,Baillieston West - 05,Glasgow City,4184.5,4525.0,5276,3518,4217.0
S01010088,Baillieston East - 01,Glasgow City,5604.0,5981.0,4689,5393,5667.0
S01010089,Baillieston East - 02,Glasgow City,1777.0,1306.0,2358,620,1386.0
S01010090,Baillieston East - 03,Glasgow City,3185.0,3729.0,3601,2116,4266.0
S01010091,Baillieston East - 04,Glasgow City,4131.0,4096.0,4090,3828,4444.0
S01010092,Baillieston East - 05,Glasgow City,387.0,739.0,1063,286,2013.0
S01010093,Baillieston East - 06,Glasgow City,3111.5,2773.0,3524,2448,2932.0
S01010094,Garrowhill West - 01,Glasgow City,4299.0,4017.0,4816,3292,3468.0
S01010095,Garrowhill West - 02,Glasgow City,5577.0,5142.0,3600,4205,6505.0
S01010096,Garrowhill West - 03,Glasgow City,4629.5,4136.0,4676,3332,3490.0
S01010097,Garrowhill West - 04,Glasgow City,4004.0,4028.5,3669,3600,3502.0
S01010098,Garrowhill West - 05,Glasgow City,4780.5,4118.0,4367,3529,2432.0
S01010099,Garrowhill West - 06,Glasgow City,5133.0,5545.5,5824,5014,3976.0
S01010100,Garrowhill East and Swinton - 01,Glasgow City,3831.5,3589.0,3572,2559,3444.0
S01010101,Garrowhill East and Swinton - 02,Glasgow City,4527.0,4227.0,3226,2909,6281.0
S01010102,Garrowhill East and Swinton - 03,Glasgow City,4911.0,5098.0,4355,4904,6857.0
S01010103,Garrowhill East and Swinton - 04,Glasgow City,4997.0,5308.0,4413,5024,3590.0
S01010104,Garrowhill East and Swinton - 05,Glasgow City,4079.5,5601.0,4447,4447,3285.0
S01010105,Easterhouse East - 01,Glasgow City,436.0,420.0,455,92,498.0
S01010106,Easterhouse East - 02,Glasgow City,1227.0,915.0,1209,1071,995.0
S01010107,Easterhouse East - 03,Glasgow City,784.0,1006.0,202,557,2469.5
S01010108,Easterhouse East - 04,Glasgow City,807.0,610.0,1428,217,3306.0
S01010109,Easterhouse East - 05,Glasgow City,1195.0,1321.0,1377,744,1571.0
S01010110,Central Easterhouse - 01,Glasgow City,204.5,239.0,639,220,1365.0
S01010111,Central Easterhouse - 02,Glasgow City,49.0,95.0,212,14,1662.0
S01010112,Central Easterhouse - 03,Glasgow City,190.0,207.0,161,50,1564.0
S01010113,"Garthamlock, Auchinlea and Gartloch - 01",Glasgow City,254.0,229.0,372,190,1164.0
S01010114,"Garthamlock, Auchinlea and Gartloch - 02",Glasgow City,31.0,41.0,38,13,335.0
S01010115,"Garthamlock, Auchinlea and Gartloch - 03",Glasgow City,2224.0,2845.0,2118,2191,4809.0
S01010116,"Garthamlock, Auchinlea and Gartloch - 04",Glasgow City,3522.0,3415.0,2772,2721,4437.0
S01010117,"Garthamlock, Auchinlea and Gartloch - 05",Glasgow City,5536.0,5589.0,4362,5215,1531.0
S01010118,North Barlanark and Easterhouse South - 01,Glasgow City,90.0,175.0,19,44,742.0
S01010119,North Barlanark and Easterhouse South - 02,Glasgow City,647.0,667.0,384,252,3074.0
S01010120,North Barlanark and Easterhouse South - 03,Glasgow City,71.0,358.0,22,122,1476.0
S01010121,North Barlanark and Easterhouse South - 04,Glasgow City,59.0,144.0,41,46,2347.0
S01010122,North Barlanark and Easterhouse South - 05,Glasgow City,17.0,15.0,54,9,85.0
S01010123,Barlanark - 01,Glasgow City,168.0,451.0,615,436,3671.0
S01010124,Barlanark - 02,Glasgow City,2200.0,2816.0,2057,2593,5455.0
S01010125,Barlanark - 03,Glasgow City,1448.0,2092.0,1126,1892,1816.0
S01010126,Barlanark - 04,Glasgow City,1252.0,1594.0,1860,720,3289.0
S01010127,Barlanark - 05,Glasgow City,408.0,225.0,1094,246,4636.0
S01010128,Barlanark - 06,Glasgow City,50.0,326.0,207,37,1185.0
S01010129,Barlanark - 07,Glasgow City,25.0,124.0,104,27,1278.0
S01010130,Barlanark - 08,Glasgow City,812.0,960.0,186,288,1533.0
S01010131,Greenfield - 01,Glasgow City,4046.0,5041.0,4393,3063,5157.0
S01010132,Greenfield - 02,Glasgow City,720.0,584.0,662,454,1510.0
S01010133,Greenfield - 03,Glasgow City,141.0,81.0,386,109,499.0
S01010134,Greenfield - 04,Glasgow City,773.0,883.0,1403,316,2039.0
S01010135,Greenfield - 05,Glasgow City,618.0,701.0,1264,489,3392.0
S01010136,Greenfield - 06,Glasgow City,2255.0,2363.0,2459,1926,4695.0
S01010137,Shettleston North - 01,Glasgow City,493.0,680.0,2463,477,1698.0
S01010138,Shettleston North - 02,Glasgow City,7.0,1.0,864,5,323.0
S01010139,Shettleston North - 03,Glasgow City,623.0,587.0,796,503,1818.0
S01010140,Shettleston North - 04,Glasgow City,2067.0,2231.0,1811,1273,375.0
S01010141,Shettleston North - 05,Glasgow City,98.0,146.0,309,88,945.0
S01010142,Tollcross - 01,Glasgow City,386.0,350.0,805,64,1085.0
S01010143,Tollcross - 02,Glasgow City,1150.0,1217.0,2753,819,4245.0
S01010144,Tollcross - 03,Glasgow City,945.0,840.0,748,548,794.0
S01010145,Tollcross - 04,Glasgow City,1795.0,1573.0,862,1787,2105.0
S01010146,Tollcross - 05,Glasgow City,240.0,590.0,1536,141,755.0
S01010147,Old Shettleston and Parkhead North - 01,Glasgow City,138.0,267.0,55,98,469.0
S01010148,Old Shettleston and Parkhead North - 02,Glasgow City,294.0,783.0,53,166,492.0
S01010149,Old Shettleston and Parkhead North - 03,Glasgow City,1613.0,2561.0,2136,578,2363.0
S01010150,Old Shettleston and Parkhead North - 04,Glasgow City,140.0,171.0,141,86,1209.0
S01010151,Old Shettleston and Parkhead North - 05,Glasgow City,193.0,312.0,430,387,3745.0
S01010152,Carntyne - 01,Glasgow City,1681.0,1948.0,2937,1302,1454.0
S01010153,Carntyne - 02,Glasgow City,884.0,575.0,1547,56,1935.0
S01010154,Carntyne - 03,Glasgow City,640.0,278.0,1269,208,2763.0
S01010155,Carntyne - 04,Glasgow City,1222.0,1621.0,1390,719,3211.0
S01010156,"Cranhill, Lightburn and Queenslie South - 0",Glasgow City,719.0,928.0,337,205,2133.0
S01010157,"Cranhill, Lightburn and Queenslie South - 0",Glasgow City,106.0,201.0,561,147,853.0
S01010158,"Cranhill, Lightburn and Queenslie South - 0",Glasgow City,1029.0,1154.0,2128,861,797.0
S01010159,"Cranhill, Lightburn and Queenslie South - 0",Glasgow City,746.0,393.0,2587,600,1069.0
S01010160,"Cranhill, Lightburn and Queenslie South - 0",Glasgow City,124.0,78.0,749,143,183.0
S01010161,"Cranhill, Lightburn and Queenslie South - 0",Glasgow City,1747.0,1668.0,1803,1383,361.5
S01010162,"Cranhill, Lightburn and Queenslie South - 0",Glasgow City,130.0,106.0,343,1187,1462.0
S01010163,"Cranhill, Lightburn and Queenslie South - 0",Glasgow City,105.0,87.0,175,21,560.0
S01010164,"Cranhill, Lightburn and Queenslie South - 0",Glasgow City,649.0,790.0,984,401,1928.0
S01010165,Craigend and Ruchazie - 01,Glasgow City,221.0,198.0,201,184,448.0
S01010166,Craigend and Ruchazie - 02,Glasgow City,1614.0,1928.0,1227,1106,3292.0
S01010167,Craigend and Ruchazie - 03,Glasgow City,446.0,188.0,142,247,2587.0
S01010168,Craigend and Ruchazie - 04,Glasgow City,767.0,1380.0,1233,1417,2572.0
S01010169,Craigend and Ruchazie - 05,Glasgow City,359.0,631.0,287,491,1078.0
S01010170,Craigend and Ruchazie - 06,Glasgow City,551.0,629.0,366,329,634.0
S01010171,Craigend and Ruchazie - 07,Glasgow City,233.0,228.0,23,189,849.0
S01010172,Riddrie and Hogganfield - 01,Glasgow City,322.0,311.0,1642,446,3567.0
S01010173,Riddrie and Hogganfield - 02,Glasgow City,1964.0,1874.0,1525,1789,2342.0
S01010174,Riddrie and Hogganfield - 03,Glasgow City,4133.0,4313.0,146,2930,299.0
S01010175,Riddrie and Hogganfield - 04,Glasgow City,1158.0,842.0,1151,1492,737.0
S01010176,Riddrie and Hogganfield - 05,Glasgow City,1725.0,2035.0,1685,1589,2278.0
S01010177,Riddrie and Hogganfield - 06,Glasgow City,53.0,151.0,163,298,1239.0
S01010178,Riddrie and Hogganfield - 07,Glasgow City,212.0,522.5,198,270,364.0
S01010179,Blackhill and Barmulloch East - 01,Glasgow City,219.0,195.0,48,57,2162.0
S01010180,Blackhill and Barmulloch East - 02,Glasgow City,2680.0,2804.0,2092,2094,1669.0
S01010181,Blackhill and Barmulloch East - 03,Glasgow City,189.0,246.0,290,55,1251.0
S01010182,Blackhill and Barmulloch East - 04,Glasgow City,3765.0,3543.0,3985,3184,3554.0
S01010183,Blackhill and Barmulloch East - 05,Glasgow City,564.0,390.0,879,340,1091.0
S01010184,Blackhill and Barmulloch East - 06,Glasgow City,696.0,827.5,726,851,2646.0
S01010185,Blackhill and Barmulloch East - 07,Glasgow City,443.0,897.0,481,675,1057.0
S01010186,Robroyston and Millerston - 01,Glasgow City,4685.5,4681.0,3789,3542,5510.0
S01010187,Robroyston and Millerston - 02,Glasgow City,3644.0,3321.0,5259,2622,6075.0
S01010188,Robroyston and Millerston - 03,Glasgow City,3795.0,3910.5,4719,2424,899.0
S01010189,Robroyston and Millerston - 04,Glasgow City,5297.0,6061.0,4681,5671,3929.0
S01010190,Robroyston and Millerston - 05,Glasgow City,5759.0,5726.0,6332,6525,4284.0
S01010191,Robroyston and Millerston - 06,Glasgow City,3721.0,4097.0,3940,4860,3994.0
S01010192,Robroyston and Millerston - 07,Glasgow City,4877.0,5927.0,4754,5353,2535.0
S01010193,Robroyston and Millerston - 08,Glasgow City,4506.0,4556.0,4995,3499,3000.0
S01010194,Balornock - 01,Glasgow City,1646.0,951.0,2006,692,4897.0
S01010195,Balornock - 02,Glasgow City,1087.0,1465.0,1653,1042,5589.0
S01010196,Balornock - 03,Glasgow City,890.0,1001.0,838,504,1943.0
S01010197,Balornock - 04,Glasgow City,508.0,801.0,530,260,1113.0
S01010198,Balornock - 05,Glasgow City,612.0,434.0,392,104,277.0
S01010199,Barmulloch - 01,Glasgow City,610.0,578.0,682,516,3472.0
S01010200,Barmulloch - 02,Glasgow City,1208.0,1982.0,1274,1022,2825.0
S01010201,Barmulloch - 03,Glasgow City,2507.5,2686.0,1426,2005,2536.0
S01010202,Barmulloch - 04,Glasgow City,162.0,172.0,80,265,415.0
S01010203,Petershill - 01,Glasgow City,4683.0,4723.5,3342,4455,5452.0
S01010204,Petershill - 02,Glasgow City,127.0,206.0,160,264,2638.0
S01010205,Petershill - 03,Glasgow City,532.0,333.0,349,93,2006.0
S01010206,Petershill - 04,Glasgow City,6969.0,6974.0,811,3436,6928.0
S01010207,Petershill - 05,Glasgow City,5.0,11.0,526,42,109.0
S01010208,Petershill - 06,Glasgow City,1595.0,1563.0,1427,649,885.0
S01010209,Springburn - 01,Glasgow City,209.0,85.0,489,131,82.0
S01010210,Springburn - 02,Glasgow City,1639.0,1495.0,2307,871,3234.0
S01010211,Springburn - 03,Glasgow City,351.0,352.0,813,335,1047.0
S01010212,Springburn - 04,Glasgow City,73.0,56.0,871,85,59.0
S01010213,Springburn - 05,Glasgow City,947.0,1245.0,1340,392,2567.5
S01010214,Springburn East and Cowlairs - 01,Glasgow City,3323.0,3529.0,3533,3297,2276.0
S01010215,Springburn East and Cowlairs - 02,Glasgow City,169.0,264.0,717,279,250.0
S01010216,Springburn East and Cowlairs - 03,Glasgow City,125.0,29.0,336,369,1070.0
S01010217,Springburn East and Cowlairs - 04,Glasgow City,232.0,544.0,831,757,78.0
S01010218,Springburn East and Cowlairs - 05,Glasgow City,422.0,455.0,1395,427,440.0
S01010219,Cowlairs and Port Dundas - 01,Glasgow City,2579.5,2786.0,3073,4035,6614.5
S01010220,Cowlairs and Port Dundas - 02,Glasgow City,5961.0,6601.0,5975,6867,2038.0
S01010221,Cowlairs and Port Dundas - 03,Glasgow City,147.0,149.0,177,28,1410.0
S01010222,Cowlairs and Port Dundas - 04,Glasgow City,822.0,1128.0,2944,1793,930.0
S01010223,Cowlairs and Port Dundas - 05,Glasgow City,654.0,491.0,663,108,1384.0
S01010224,Cowlairs and Port Dundas - 06,Glasgow City,33.0,159.0,131,103,428.0
S01010225,Sighthill - 01,Glasgow City,845.0,569.0,1202,746,164.0
S01010226,Sighthill - 02,Glasgow City,6969.0,6974.0,3517,4559,6928.0
S01010227,Sighthill - 03,Glasgow City,6969.0,6974.0,1774,4823,6879.0
S01010228,"Roystonhill, Blochairn, and Provanmill - 01",Glasgow City,208.0,134.0,613,124,580.0
S01010229,"Roystonhill, Blochairn, and Provanmill - 02",Glasgow City,960.0,981.0,2327,580,1339.0
S01010230,"Roystonhill, Blochairn, and Provanmill - 03",Glasgow City,48.0,38.0,1149,173,370.0
S01010231,"Roystonhill, Blochairn, and Provanmill - 04",Glasgow City,211.0,314.0,1806,191,963.0
S01010232,"Roystonhill, Blochairn, and Provanmill - 05",Glasgow City,1497.0,1624.0,1415,865,1360.0
S01010233,"Roystonhill, Blochairn, and Provanmill - 06",Glasgow City,318.0,421.0,1245,126,1483.0
S01010234,Dennistoun North - 01,Glasgow City,3332.0,3759.0,3713,3185,1634.0
S01010235,Dennistoun North - 02,Glasgow City,4533.0,6261.0,2402,3397,5141.0
S01010236,Dennistoun North - 03,Glasgow City,2900.0,2988.0,2709,2383,2876.0
S01010237,Dennistoun North - 04,Glasgow City,3145.0,3825.0,3485,3539,2822.0
S01010238,Dennistoun North - 05,Glasgow City,2772.0,3783.0,2016,2791,1889.0
S01010239,Alexandra Parade - 01,Glasgow City,875.0,1608.0,1070,929,4510.0
S01010240,Alexandra Parade - 02,Glasgow City,2524.5,2808.0,3120,2351,2985.0
S01010241,Alexandra Parade - 03,Glasgow City,1926.0,2586.0,2123,1298,1361.0
S01010242,Carntyne West and Haghill - 01,Glasgow City,662.0,879.0,927,439,1159.0
S01010243,Carntyne West and Haghill - 02,Glasgow City,764.0,997.0,1144,1393,288.0
S01010244,Carntyne West and Haghill - 03,Glasgow City,747.0,1077.0,1053,1463,345.0
S01010245,Carntyne West and Haghill - 04,Glasgow City,3.0,7.0,6,3,515.0
S01010246,Carntyne West and Haghill - 05,Glasgow City,368.0,493.0,656,244,2315.0
S01010247,Carntyne West and Haghill - 06,Glasgow City,1305.0,1902.0,3148,926,1606.0
S01010248,Dennistoun - 01,Glasgow City,4016.0,4518.0,3071,3954,2951.0
S01010249,Dennistoun - 02,Glasgow City,3399.0,3889.0,3428,3212,1720.0
S01010250,Dennistoun - 03,Glasgow City,4444.0,5689.0,1754,4458,1217.0
S01010251,Dennistoun - 04,Glasgow City,5546.0,6147.0,4597,6550,3825.0
S01010252,Dennistoun - 05,Glasgow City,2998.0,3095.0,3715,2730,1218.0
S01010253,Dennistoun - 06,Glasgow City,93.0,235.0,419,66,937.0
S01010254,Gallowgate North and Bellgrove - 01,Glasgow City,1311.0,1962.0,1280,1003,2605.0
S01010255,Gallowgate North and Bellgrove - 02,Glasgow City,201.0,521.0,1317,480,1860.0
S01010256,Gallowgate North and Bellgrove - 03,Glasgow City,456.5,279.0,823,300,2496.0
S01010257,Gallowgate North and Bellgrove - 04,Glasgow City,3565.0,3537.0,1066,2205,1275.0
S01010258,Gallowgate North and Bellgrove - 05,Glasgow City,6964.0,6966.0,6398,6976,5135.0
S01010259,City Centre East - 01,Glasgow City,1794.0,1970.0,1840,1824,2914.0
S01010260,City Centre East - 02,Glasgow City,4327.0,4694.0,3172,4866,579.0
S01010261,City Centre East - 03,Glasgow City,3473.0,4436.0,3967,3390,2779.0
S01010262,City Centre East - 04,Glasgow City,230.0,308.0,3229,182,22.0
S01010263,City Centre East - 05,Glasgow City,5432.0,5827.0,3966,5868,464.0
S01010264,City Centre East - 06,Glasgow City,2696.0,2422.0,72,3178,20.0
S01010265,City Centre East - 07,Glasgow City,6951.0,6962.0,6715,6971,137.0
S01010266,City Centre West - 01,Glasgow City,4246.0,5920.0,1508,5572,93.0
S01010267,City Centre West - 02,Glasgow City,4553.0,2883.0,3295,5542,40.0
S01010268,City Centre West - 03,Glasgow City,3404.0,3708.0,4167,3421,1950.0
S01010269,City Centre West - 04,Glasgow City,3393.0,4176.0,3290,3715,1107.0
S01010270,City Centre West - 05,Glasgow City,432.0,369.0,1725,253,369.0
S01010271,City Centre West - 06,Glasgow City,2507.5,3539.0,1587,2792,14.0
S01010272,City Centre South - 01,Glasgow City,1000.0,970.0,735,1269,497.0
S01010273,City Centre South - 02,Glasgow City,5907.0,6220.0,5698,6939,86.0
S01010274,City Centre South - 03,Glasgow City,6478.0,6529.0,2098,6585,3.0
S01010275,City Centre South - 04,Glasgow City,6233.0,6255.0,6065,6231,1.0
S01010276,Anderston - 01,Glasgow City,6925.0,6891.0,2850,6920,2421.0
S01010277,Anderston - 02,Glasgow City,887.0,796.0,777,731,1911.0
S01010278,Anderston - 03,Glasgow City,672.0,1407.0,1783,1263,3706.0
S01010279,Anderston - 04,Glasgow City,1224.0,1459.0,3454,987,1649.0
S01010280,Anderston - 05,Glasgow City,3963.0,4492.0,4281,4468,1642.0
S01010281,Anderston - 06,Glasgow City,4501.0,4864.0,5719,6321,2427.0
S01010282,Finnieston and Kelvinhaugh - 01,Glasgow City,1120.5,1413.0,2339,1112,3123.0
S01010283,Finnieston and Kelvinhaugh - 02,Glasgow City,4537.0,6053.0,2767,4634,193.0
S01010284,Finnieston and Kelvinhaugh - 03,Glasgow City,5904.0,6364.0,4724,6070,3240.0
S01010285,Finnieston and Kelvinhaugh - 04,Glasgow City,2560.0,3108.0,3259,2955,1341.0
S01010286,Finnieston and Kelvinhaugh - 05,Glasgow City,6357.0,6828.0,3066,6895,5368.0
S01010287,Finnieston and Kelvinhaugh - 06,Glasgow City,5444.0,5854.0,6034,5820,1201.0
S01010288,Finnieston and Kelvinhaugh - 07,Glasgow City,5871.0,6581.0,6603,6849,2538.0
S01010289,Woodlands - 01,Glasgow City,6740.0,6665.0,6486,6822,2454.0
S01010290,Woodlands - 02,Glasgow City,3114.0,4002.0,3449,2860,2052.0
S01010291,Woodlands - 03,Glasgow City,3905.0,4581.0,6201,4190,2858.0
S01010292,Woodlands - 04,Glasgow City,5696.0,6460.0,5633,6590,4360.0
S01010293,Woodlands - 05,Glasgow City,2855.0,4702.0,4759,3780,4865.0
S01010294,Woodlands - 06,Glasgow City,4811.0,6499.5,4567,6148,3519.0
S01010295,Woodlands - 07,Glasgow City,4170.0,5569.0,3827,5934,2497.0
S01010296,Woodlands - 08,Glasgow City,1295.5,2315.0,1565,2222,859.0
S01010297,Woodside - 01,Glasgow City,952.0,577.0,4557,873,275.0
S01010298,Woodside - 02,Glasgow City,917.0,1437.0,2720,752,2286.0
S01010299,Woodside - 03,Glasgow City,680.0,805.0,2730,813,3253.0
S01010300,Woodside - 04,Glasgow City,1483.0,2066.0,1251,721,1437.0
S01010301,Firhill - 01,Glasgow City,4017.5,4682.0,4263,5469,2192.0
S01010302,Firhill - 02,Glasgow City,965.0,1105.5,1781,1730,2521.0
S01010303,Firhill - 03,Glasgow City,975.0,1243.0,1698,2496,1253.0
S01010304,Firhill - 04,Glasgow City,392.0,419.0,153,77,952.0
S01010305,Firhill - 05,Glasgow City,635.0,1247.0,2788,640,831.0
S01010306,Firhill - 06,Glasgow City,3611.0,3794.0,5027,3999,1304.0
S01010307,Firhill - 07,Glasgow City,4949.0,5911.0,6481,6465,1901.0
S01010308,Firhill - 08,Glasgow City,3969.0,4486.0,4295,4568,2758.0
S01010309,Keppochhill - 01,Glasgow City,1175.0,1333.0,305,1248,2385.0
S01010310,Keppochhill - 02,Glasgow City,464.0,428.0,818,425,1100.0
S01010311,Keppochhill - 03,Glasgow City,183.0,349.0,117,150,154.0
S01010312,Keppochhill - 04,Glasgow City,13.0,20.0,788,8,706.0
S01010313,Keppochhill - 05,Glasgow City,63.0,116.0,695,79,1656.0
S01010314,Keppochhill - 06,Glasgow City,860.0,1117.0,569,610,1020.0
S01010315,Ruchill - 01,Glasgow City,1098.0,2425.0,1480,2176,3491.0
S01010316,Ruchill - 02,Glasgow City,136.0,212.0,447,203,708.0
S01010317,Ruchill - 03,Glasgow City,2837.0,3598.0,3386,2373,999.0
S01010318,Ruchill - 04,Glasgow City,2254.0,3218.0,1093,2317,2283.0
S01010319,Ruchill - 05,Glasgow City,2805.0,3065.0,1344,3161,772.0
S01010320,Ruchill - 06,Glasgow City,1370.0,1248.0,653,1699,525.0
S01010321,Ruchill - 07,Glasgow City,1298.0,1908.0,3144,659,120.0
S01010322,Ruchill - 08,Glasgow City,5561.0,5502.5,6567,5382,2515.0
S01010323,Possil Park - 01,Glasgow City,1.0,6.0,328,1,291.0
S01010324,Possil Park - 02,Glasgow City,460.0,627.0,773,198,825.0
S01010325,Possil Park - 03,Glasgow City,395.0,497.0,580,251,3151.0
S01010326,Possil Park - 04,Glasgow City,21.0,54.0,47,33,134.0
S01010327,Possil Park - 05,Glasgow City,1030.0,1140.0,1273,165,1512.0
S01010328,Possil Park - 06,Glasgow City,1951.0,2499.0,1882,1167,738.0
S01010329,Possil Park - 07,Glasgow City,1799.0,1718.0,1187,2097,3351.0
S01010330,Milton West - 01,Glasgow City,114.0,138.0,39,82,1027.0
S01010331,Milton West - 02,Glasgow City,215.0,129.0,298,181,1441.0
S01010332,Milton West - 03,Glasgow City,81.0,233.0,152,63,199.0
S01010333,Milton West - 04,Glasgow City,309.0,340.0,1446,195,648.0
S01010334,Milton West - 05,Glasgow City,1281.0,1646.0,1782,1341,2436.0
S01010335,Milton East - 01,Glasgow City,526.0,612.0,816,153,1905.0
S01010336,Milton East - 02,Glasgow City,119.0,50.0,66,68,892.0
S01010337,Milton East - 03,Glasgow City,269.0,351.0,431,130,1989.0
S01010338,Milton East - 04,Glasgow City,225.0,214.0,16,81,1187.0
S01010339,Milton East - 05,Glasgow City,1105.0,1127.0,1606,1053,4202.0
S01010340,Summerston Central and West - 01,Glasgow City,473.0,819.0,1973,988,2472.0
S01010341,Summerston Central and West - 02,Glasgow City,2486.0,2701.0,3815,2504,3900.0
S01010342,Summerston Central and West - 03,Glasgow City,4287.0,4040.0,4150,3762,4923.0
S01010343,Summerston Central and West - 04,Glasgow City,5339.0,4559.0,4176,3859,4781.0
S01010344,Summerston Central and West - 05,Glasgow City,58.0,46.0,123,116,1628.0
S01010345,Summerston Central and West - 06,Glasgow City,5185.0,5494.0,5749,5832,4057.0
S01010346,Summerston North - 01,Glasgow City,3704.0,3833.0,3964,3252,3300.0
S01010347,Summerston North - 02,Glasgow City,550.0,593.0,704,421,2058.0
S01010348,Summerston North - 03,Glasgow City,1960.0,1762.0,2077,1047,4542.0
S01010349,Summerston North - 04,Glasgow City,1094.0,1503.0,1745,986,2015.0
S01010350,Maryhill East - 01,Glasgow City,350.0,637.0,1175,508,2627.0
S01010351,Maryhill East - 02,Glasgow City,1548.0,2155.0,1682,2656,2556.0
S01010352,Maryhill East - 03,Glasgow City,391.0,400.0,582,657,2019.0
S01010353,Maryhill East - 04,Glasgow City,102.0,58.0,323,162,388.0
S01010354,Maryhill West - 01,Glasgow City,652.0,919.5,1560,381,2068.0
S01010355,Maryhill West - 02,Glasgow City,552.0,509.0,1003,222,910.0
S01010356,Maryhill West - 03,Glasgow City,1405.0,1676.0,2815,2497,865.0
S01010357,Maryhill West - 04,Glasgow City,273.0,63.0,1327,149,1449.0
S01010358,Wyndford - 01,Glasgow City,157.0,76.0,636,218,236.0
S01010359,Wyndford - 02,Glasgow City,84.0,152.0,311,404,218.0
S01010360,Wyndford - 03,Glasgow City,332.0,756.0,724,486,646.0
S01010361,Wyndford - 04,Glasgow City,185.0,32.0,506,297,216.0
S01010362,Wyndford - 05,Glasgow City,27.0,2.0,338,87,71.0
S01010363,Kelvindale - 01,Glasgow City,3614.0,3550.0,5854,4307,4534.0
S01010364,Kelvindale - 02,Glasgow City,5727.5,5842.0,6763,5787,4147.5
S01010365,Kelvindale - 03,Glasgow City,5837.0,6388.0,6806,5631,4031.0
S01010366,Kelvindale - 04,Glasgow City,5679.0,5571.0,5841,5102,6224.0
S01010367,Kelvindale - 05,Glasgow City,6375.0,6716.0,6345,6677,4392.0
S01010368,Kelvindale - 06,Glasgow City,5430.0,6402.0,6851,5479,2927.0
S01010369,North Kelvin - 01,Glasgow City,2885.0,2795.0,4944,3159,2234.0
S01010370,North Kelvin - 02,Glasgow City,6042.0,6375.0,6713,6629,2840.0
S01010371,North Kelvin - 03,Glasgow City,5262.0,5836.0,5907,6407,1619.0
S01010372,North Kelvin - 04,Glasgow City,6127.0,6707.0,6868,6704,2020.0
S01010373,North Kelvin - 05,Glasgow City,5079.0,5139.0,6359,5202,3128.0
S01010374,Kelvingrove and University - 01,Glasgow City,6872.0,6763.0,6849,6889,5928.0
S01010375,Kelvingrove and University - 02,Glasgow City,5362.5,5819.0,6287,6513,314.0
S01010376,Kelvingrove and University - 03,Glasgow City,4990.0,5679.0,6239,5878,3113.0
S01010377,Kelvingrove and University - 04,Glasgow City,4711.5,5884.0,4763,6619,2212.0
S01010378,Kelvingrove and University - 05,Glasgow City,5253.0,5215.0,6353,5284,2834.0
S01010379,Kelvingrove and University - 06,Glasgow City,3884.0,4160.0,3922,3940,752.0
S01010380,Kelvingrove and University - 07,Glasgow City,4689.0,5018.0,5512,4501,4459.0
S01010381,Hillhead - 01,Glasgow City,5127.0,5478.0,4909,4735,1637.0
S01010382,Hillhead - 02,Glasgow City,3310.0,3741.0,3853,3430,2647.0
S01010383,Hillhead - 03,Glasgow City,1048.0,791.0,2162,740,1431.0
S01010384,Hillhead - 04,Glasgow City,5737.0,6508.0,6330,6142,1798.0
S01010385,Hillhead - 05,Glasgow City,3256.0,3492.0,2286,3276,4395.0
S01010386,Hillhead - 06,Glasgow City,987.0,1350.0,1849,696,1042.0
S01010387,Hillhead - 07,Glasgow City,3465.0,4278.0,3185,3134,1855.0
S01010388,Glasgow Harbour and Partick South - 01,Glasgow City,1003.0,1044.0,1872,703,1136.0
S01010389,Glasgow Harbour and Partick South - 02,Glasgow City,6302.0,6573.0,4650,6707,4856.5
S01010390,Glasgow Harbour and Partick South - 03,Glasgow City,2787.0,2728.0,4027,3126,2730.0
S01010391,Glasgow Harbour and Partick South - 04,Glasgow City,2212.0,1923.0,2297,2704,2091.0
S01010392,Glasgow Harbour and Partick South - 05,Glasgow City,6083.5,6824.0,6039,6968,4584.0
S01010393,Partick - 01,Glasgow City,3986.0,4883.0,3984,3603,2695.0
S01010394,Partick - 02,Glasgow City,262.0,113.0,2356,274,1718.0
S01010395,Partick - 03,Glasgow City,2003.0,2916.0,3119,2509,3139.0
S01010396,Partick - 04,Glasgow City,2566.0,3305.0,4444,2225,3455.0
S01010397,Partickhill and Hyndland - 01,Glasgow City,4174.0,5339.0,5934,4594,4612.0
S01010398,Partickhill and Hyndland - 02,Glasgow City,5594.5,6007.0,6815,5239,2714.0
S01010399,Partickhill and Hyndland - 03,Glasgow City,6746.0,6733.0,6712,6896,4669.0
S01010400,Partickhill and Hyndland - 04,Glasgow City,6230.0,6484.0,6651,6393,2654.0
S01010401,Partickhill and Hyndland - 05,Glasgow City,3677.0,4619.0,5839,4536,3776.0
S01010402,Partickhill and Hyndland - 06,Glasgow City,6073.0,6678.0,6743,6761,4104.0
S01010403,Dowanhill - 01,Glasgow City,6028.0,6234.0,6861,5897,3586.0
S01010404,Dowanhill - 02,Glasgow City,5348.5,6416.0,6048,6479,4023.0
S01010405,Dowanhill - 03,Glasgow City,5629.0,5320.0,6920,6523,3747.0
S01010406,Dowanhill - 04,Glasgow City,5783.0,5890.0,6116,6049,3788.0
S01010407,Dowanhill - 05,Glasgow City,5233.0,6423.0,6492,5780,2262.0
S01010408,Kelvinside and Jordanhill - 01,Glasgow City,2813.0,1543.0,6485,3120,3133.0
S01010409,Kelvinside and Jordanhill - 02,Glasgow City,6611.0,5683.0,6890,6283,5268.0
S01010410,Kelvinside and Jordanhill - 03,Glasgow City,6907.0,6262.0,6729,6457,3206.0
S01010411,Kelvinside and Jordanhill - 04,Glasgow City,6430.0,6359.0,6914,6778,2084.0
S01010412,Kelvinside and Jordanhill - 05,Glasgow City,6070.0,4733.0,6583,6072,564.0
S01010413,Kelvinside and Jordanhill - 06,Glasgow City,6225.0,5796.0,6901,5391,2469.5
S01010414,Kelvinside and Jordanhill - 07,Glasgow City,4554.0,5360.0,6793,4974,4949.0
S01010415,Broomhill - 01,Glasgow City,1108.0,709.0,3301,754,974.0
S01010416,Broomhill - 02,Glasgow City,6046.5,6517.0,6856,6006,3983.5
S01010417,Broomhill - 03,Glasgow City,6403.0,6723.0,6650,6207,5124.0
S01010418,Broomhill - 04,Glasgow City,5326.0,6001.5,6391,6168,3370.0
S01010419,Broomhill - 05,Glasgow City,5988.0,6251.0,6665,6146,6142.0
S01010420,Victoria Park - 01,Glasgow City,5341.0,5504.0,6770,5390,3204.0
S01010421,Victoria Park - 02,Glasgow City,5347.0,5163.5,6812,5522,2048.0
S01010422,Victoria Park - 03,Glasgow City,3478.0,3404.0,6284,3105,3274.0
S01010423,Whiteinch - 01,Glasgow City,405.0,405.0,1584,413,1289.0
S01010424,Whiteinch - 02,Glasgow City,634.0,846.0,2752,383,2044.0
S01010425,Whiteinch - 03,Glasgow City,281.5,287.0,928,409,554.0
S01010426,Whiteinch - 04,Glasgow City,1143.0,1034.0,2142,1744,2321.0
S01010427,Scotstoun North and East - 01,Glasgow City,646.0,660.0,1959,1285,2208.0
S01010428,Scotstoun North and East - 02,Glasgow City,4323.0,4863.0,6151,4477,4165.0
S01010429,Scotstoun North and East - 03,Glasgow City,5387.5,4835.0,6642,5411,3675.0
S01010430,Scotstoun North and East - 04,Glasgow City,669.0,839.0,1263,1043,1722.0
S01010431,Scotstoun North and East - 05,Glasgow City,6206.0,5732.0,6924,6261,3500.0
S01010432,Scotstoun South and West - 01,Glasgow City,809.0,1099.0,2633,1212,1101.0
S01010433,Scotstoun South and West - 02,Glasgow City,101.0,222.0,861,422,508.0
S01010434,Scotstoun South and West - 03,Glasgow City,74.0,216.0,442,273,2463.0
S01010435,Scotstoun South and West - 04,Glasgow City,1314.0,2342.0,2283,912,672.0
S01010436,Scotstoun South and West - 05,Glasgow City,381.0,284.0,776,472,468.0
S01010437,Yoker South - 01,Glasgow City,1295.5,1681.0,2985,1623,2567.5
S01010438,Yoker South - 02,Glasgow City,703.0,818.0,1715,1333,1858.0
S01010439,Yoker South - 03,Glasgow City,744.0,1074.0,1846,1741,1623.0
S01010440,Yoker South - 04,Glasgow City,289.0,305.0,2594,463,787.0
S01010441,Yoker South - 05,Glasgow City,3366.0,3629.0,3158,3515,2328.0
S01010442,Yoker South - 06,Glasgow City,763.0,1061.0,800,1738,2002.0
S01010443,Yoker North - 01,Glasgow City,2704.5,3831.0,1590,2415,4635.0
S01010444,Yoker North - 02,Glasgow City,1383.0,1538.0,1321,732,2343.0
S01010445,Yoker North - 03,Glasgow City,1060.0,1021.0,1252,879,3684.0
S01010446,Yoker North - 04,Glasgow City,2663.0,3352.0,3420,2297,4248.0
S01010447,Knightswood West - 01,Glasgow City,335.0,290.0,2362,514,2478.0
S01010448,Knightswood West - 02,Glasgow City,2232.0,2603.0,2288,2290,2934.0
S01010449,Knightswood West - 03,Glasgow City,1447.0,1487.0,1640,1182,3142.0
S01010450,Knightswood East - 01,Glasgow City,1341.0,1249.0,1262,1342,3492.0
S01010451,Knightswood East - 02,Glasgow City,281.5,123.0,3243,538,587.0
S01010452,Knightswood East - 03,Glasgow City,1990.0,1612.0,2298,1829,2954.0
S01010453,Knightswood East - 04,Glasgow City,343.0,296.0,1537,887,866.0
S01010454,Knightswood East - 05,Glasgow City,1735.0,1501.0,2789,2451,3148.0
S01010455,Knightswood Park West - 01,Glasgow City,62.0,18.0,940,23,684.0
S01010456,Knightswood Park West - 02,Glasgow City,1841.0,2677.0,3993,880,4206.0
S01010457,Knightswood Park West - 03,Glasgow City,2888.0,2331.0,3385,2462,298.0
S01010458,Knightswood Park West - 04,Glasgow City,765.0,595.0,1315,992,1963.0
S01010459,Knightswood Park West - 05,Glasgow City,1433.0,2101.0,1672,1493,5680.0
S01010460,Knightswood Park East - 01,Glasgow City,4458.0,5752.0,5292,5888,5379.0
S01010461,Knightswood Park East - 02,Glasgow City,688.0,299.0,1468,795,775.0
S01010462,Knightswood Park East - 03,Glasgow City,40.0,147.0,321,608,900.0
S01010463,Knightswood Park East - 04,Glasgow City,2723.0,3046.0,4388,2580,4173.0
S01010464,Knightswood Park East - 05,Glasgow City,2073.0,2948.0,2816,2121,3051.0
S01010465,Anniesland East - 01,Glasgow City,5527.0,5551.0,5697,4760,5231.0
S01010466,Anniesland East - 02,Glasgow City,5443.0,5226.0,6342,5145,4545.0
S01010467,Anniesland East - 03,Glasgow City,4523.0,4737.0,5758,3192,5100.0
S01010468,Anniesland East - 04,Glasgow City,4546.0,5389.0,4289,5287,4050.0
S01010469,Anniesland East - 05,Glasgow City,1440.5,1399.0,3037,1579,683.0
S01010470,Anniesland West - 01,Glasgow City,1865.0,1895.0,1796,870,3048.0
S01010471,Anniesland West - 02,Glasgow City,1314.0,2596.0,1196,1646,3339.0
S01010472,Anniesland West - 03,Glasgow City,1496.0,2262.0,3153,1778,3298.0
S01010473,Anniesland West - 04,Glasgow City,3871.0,3790.0,3266,4005,3964.0
S01010474,Anniesland West - 05,Glasgow City,2620.0,3233.0,4534,3330,4885.0
S01010475,Anniesland West - 06,Glasgow City,5359.0,5441.0,5445,4761,5774.0
S01010476,Anniesland West - 07,Glasgow City,3155.0,4020.0,3792,2549,3098.0
S01010477,Anniesland West - 08,Glasgow City,2583.0,2924.0,1820,2166,3648.0
S01010478,Blairdardie East - 01,Glasgow City,358.0,90.0,1825,188,2144.0
S01010479,Blairdardie East - 02,Glasgow City,1689.0,1796.0,2574,1074,3061.0
S01010480,Blairdardie East - 03,Glasgow City,1428.0,2249.0,2301,1581,1882.0
S01010481,Blairdardie East - 04,Glasgow City,94.0,332.0,460,359,3055.0
S01010482,Blairdardie East - 05,Glasgow City,1561.0,1715.0,3130,1127,5394.0
S01010483,Blairdardie East - 06,Glasgow City,1149.0,1187.0,1868,915,3571.0
S01010484,Blairdardie East - 07,Glasgow City,1381.0,2213.0,791,1232,3109.0
S01010485,Blairdardie West - 01,Glasgow City,2544.0,3765.0,2742,2989,2636.0
S01010486,Blairdardie West - 02,Glasgow City,5885.5,5458.0,5373,4835,1747.0
S01010487,Blairdardie West - 03,Glasgow City,3184.0,3436.0,3364,2839,5758.0
S01010488,Drumchapel South - 01,Glasgow City,329.0,789.0,410,282,1292.0
S01010489,Drumchapel South - 02,Glasgow City,915.0,726.0,642,1154,928.0
S01010490,Drumchapel South - 03,Glasgow City,107.0,391.0,261,367,871.0
S01010491,Drumchapel North - 01,Glasgow City,108.0,114.0,351,275,2976.0
S01010492,Drumchapel North - 02,Glasgow City,97.0,236.0,99,58,1565.0
S01010493,Drumchapel North - 03,Glasgow City,26.0,71.0,74,38,841.0
S01010494,Drumchapel North - 04,Glasgow City,755.0,1387.5,566,1454,1677.0
S01010495,Drumchapel North - 05,Glasgow City,96.0,82.0,251,15,863.0
S01010496,Drumry East - 01,Glasgow City,153.0,199.0,288,115,1600.0
S01010497,Drumry East - 02,Glasgow City,403.0,445.0,680,52,2439.0
S01010498,Drumry East - 03,Glasgow City,298.0,459.5,91,412,2043.0
S01010499,Drumry East - 04,Glasgow City,41.0,75.0,64,78,80.0
S01010500,Drumry West - 01,Glasgow City,311.0,618.0,633,179,2280.0
S01010501,Drumry West - 02,Glasgow City,1024.0,990.5,1005,471,3308.0
S01010502,Drumry West - 03,Glasgow City,2026.0,2008.0,2322,1550,3410.0
S01010503,Drumry West - 04,Glasgow City,198.0,480.0,463,243,1657.0
